,Won Primary,Race,Veteran?,LGBTQ?,Elected Official?,Self-Funder?,STEM?,Obama Alum?,Party Support?,Emily Endorsed?,Guns Sense Candidate?,Biden Endorsed?,Warren Endorsed? ,Sanders Endorsed?,Our Revolution Endorsed?,Justice Dems Endorsed?,PCCC Endorsed?,Indivisible Endorsed?,WFP Endorsed?,VoteVets Endorsed?,No Labels Support?,last_name,first_initial
6,No,Nonwhite,No,No,No,No,Yes,No,,,,,,,,,,,,,,mcconnell,L
7,Yes,Nonwhite,Yes,No,No,No,No,No,,,,,,,,,,,,,,jr.,R
8,No,Nonwhite,Yes,No,No,No,No,No,,,,,,,,,,,,,,williams,A
9,Yes,White,No,No,No,No,No,No,,,,,,,,,,,,,,isner,T
10,No,Nonwhite,No,No,No,No,Yes,No,,,Yes,,,,,,,,,,,winfrey,A
11,Yes,White,No,No,No,No,No,No,,,Yes,,,,,,,,,,,hagan,M
12,Yes,White,No,No,No,No,No,No,,,Yes,,,,,,,,,,,auman,L
13,No,White,Yes,No,No,No,No,No,,,No,,,,,,,,,,,neighbors,R
14,Yes,White,No,No,No,No,No,No,,,,,,,,,,Yes,,,,joffrion,P
15,Yes,White,No,No,No,No,No,No,,,Yes,,,,,,,,,,,kline,D
18,Yes,Nonwhite,No,No,No,No,No,No,,,Yes,,,,,,,Yes,,,,desai,C
19,Yes,White,No,No,Yes,No,No,No,Yes,,Yes,,,,,,,,,,,tucker,C
20,No,White,Yes,No,No,No,No,No,No,,Yes,,,,,,,,,,,combs,G
21,No,Nonwhite,No,No,No,No,No,No,No,,No,,,,,,,,,,,dunkley,J
22,No,White,No,No,No,No,No,No,No,,No,,,,,,,,,,,spencer,P
23,Yes,White,No,No,No,No,No,No,,,,,,,,,,Yes,,,,mahony,J
24,Yes,White,No,No,No,No,No,No,,,,,,,,,,,,,,shamel,H
25,No,White,No,Yes,No,No,No,No,,,,,,,Yes,Yes,,,,,,westbrook,B
26,Yes,Nonwhite,No,No,No,No,Yes,No,,,,,,,No,No,,,,,,tipirneni,H
39,Yes,White,No,No,No,No,No,No,,,,,,,Yes,Yes,,No,,,,denney,A
40,No,White,No,No,No,No,No,No,,,,,,,No,No,,No,,,,peterson,D
41,No,White,No,No,No,No,No,No,,,,,,,No,No,,No,,,,holcombe,J
42,No,White,No,No,No,No,No,No,,,,,,,No,No,,Yes,,,,walters,M
43,No,White,No,No,No,No,Yes,No,No,No,No,,,,Yes,Yes,,No,,,,nygard,D
44,Yes,White,No,No,No,No,Yes,No,Yes,No,Yes,,,,No,No,,No,,,,harder,J
45,No,White,No,No,No,No,No,No,No,No,No,,,,No,No,,No,,,,eggman,M
46,No,White,Yes,No,No,No,Yes,No,No,No,No,,,,No,No,,No,,,,barkley,M
47,No,White,No,No,Yes,No,Yes,No,No,No,No,,,,No,No,,No,,,,zwahlen,S
48,No,Nonwhite,No,No,Yes,No,No,No,No,Yes,Yes,,,,No,No,,Yes,,,,madueno,V
49,Yes,Nonwhite,No,No,No,No,Yes,No,Yes,No,,,,,,,,,,,,cox,T
50,Yes,Nonwhite,No,No,No,No,No,No,,,,,,,,,,,,,,janz,A
51,No,Nonwhite,No,No,No,No,No,No,,,,,,,,,,,,,,bliatout,B
52,No,Nonwhite,No,No,No,No,Yes,No,,,,,,,,,,,,,,franco,R
53,No,Nonwhite,No,No,No,No,No,No,,,,,,,,,,,,,,wilson,K
54,No,Nonwhite,No,No,No,No,No,No,,,,,,,,,,,,,,barro,M
55,Yes,Nonwhite,No,No,No,No,No,No,,,,,,,,,,,,,,matta,T
56,No,White,No,No,No,No,No,No,,,,,,,,,,,,,,reed,W
57,No,White,No,No,No,No,No,No,No,No,Yes,,,,No,Yes,,,,,,caforio,B
58,No,White,No,No,No,No,Yes,No,No,No,Yes,,,,Yes,No,,,,,,phoenix,J
59,Yes,White,No,Yes,No,No,No,No,Yes,Yes,Yes,,,,No,No,,,,,,hill,K
60,No,White,No,No,No,No,No,No,No,No,,,,,No,No,,,,,,pallant,M
61,No,White,No,No,No,Yes,No,No,No,No,Yes,,,,Yes,,,No,,No,,thorburn,A
62,Yes,Nonwhite,Yes,No,No,Yes,No,No,Yes,No,Yes,,,,No,,,No,,Yes,,cisneros,G
63,No,Nonwhite,No,No,No,Yes,Yes,No,No,No,No,,,,No,,,No,,No,,lee,H
64,No,Nonwhite,No,No,No,Yes,Yes,No,No,Yes,Yes,,,,No,,,No,,No,,tran,M
65,No,Nonwhite,No,No,No,No,No,Yes,No,No,Yes,,,,No,,,Yes,,No,,jammal,S
66,No,Nonwhite,No,No,No,No,No,No,No,No,No,,,,No,,,No,,No,,leggett,S
67,Yes,White,No,No,No,No,No,No,,,Yes,,,,No,No,,Yes,,,,morse,J
68,No,White,No,No,No,No,No,No,,,Yes,,,,No,No,,No,,,,bateson,R
69,No,White,No,No,No,No,No,No,,,No,,,,No,No,,No,,,,lawton,R
70,No,Nonwhite,No,No,No,No,Yes,No,,,Yes,,,,Yes,Yes,,No,,,,calderon,R
71,Yes,White,No,No,No,No,No,No,,,Yes,,,,,,,Yes,,,,peacock,J
72,No,Nonwhite,No,No,No,No,No,No,,,No,,,,,,,No,,,,quintero,N
73,No,White,No,No,No,No,Yes,Yes,No,No,Yes,,No,,No,,No,,,,,forde,B
74,No,Nonwhite,No,No,No,No,No,No,No,No,Yes,,No,,No,,No,,,,,min,D
75,Yes,White,No,No,No,No,No,No,Yes,Yes,Yes,,Yes,,Yes,,Yes,,,,,porter,K
76,No,Nonwhite,No,No,No,No,No,No,No,No,Yes,,No,,Yes,,No,,,,,hamadanchy,K
77,No,White,No,No,No,No,No,No,No,No,No,,,,,No,,No,,,,schaarsmith,D
78,No,White,No,No,No,Yes,Yes,No,No,No,Yes,,,,,No,,No,,,,keirstead,H
79,Yes,White,No,No,No,Yes,No,No,Yes,No,Yes,,,,,No,,Yes,,,,rouda,H
80,No,White,No,No,No,No,Yes,No,No,No,No,,,,,Yes,,No,,,,oatman,L
81,No,White,No,No,No,No,No,No,No,No,No,,,,,No,,No,,,,kotick,M
82,No,Nonwhite,No,No,No,Yes,Yes,No,No,No,Yes,,,,,No,,No,,,,siddiqui,O
83,No,White,No,No,No,No,Yes,No,No,Yes,No,,,,,No,,No,,,,payne,R
84,No,White,Yes,No,No,No,Yes,No,No,No,No,,,,,No,,No,,,,zarkades,T
85,No,White,Yes,No,No,No,No,No,No,No,,,,,,Yes,No,,,Yes,,applegate,D
86,Yes,White,No,No,No,No,No,No,Yes,No,,,,,,No,Yes,,,No,,levin,M
87,No,White,Yes,No,No,Yes,No,No,No,No,,,,,,No,No,,,No,,kerr,P
88,No,White,No,No,No,Yes,No,Yes,No,Yes,,,,,,No,No,,,No,,jacobs,S
89,Yes,Nonwhite,No,No,No,No,No,Yes,,,,,,,,Yes,Yes,Yes,,,,campa-najjar,A
90,No,White,Yes,No,No,No,No,No,,,,,,,,No,No,No,,Yes,,butner,J
91,No,White,No,No,No,No,No,No,,,,,,,,No,No,No,,,,malloy,P
92,No,White,No,Yes,No,No,Yes,No,,,,,,,,,,,,,,doyle,M
93,No,Nonwhite,No,No,No,No,No,No,,,,,,,,,,,,,,ramirez,R
94,No,White,No,No,No,No,No,No,,,,,,,,,,,,,,o'donnell,R
99,Yes,Nonwhite,No,No,No,No,No,No,,,,,,,,,,,,,,neguse,J
100,No,Nonwhite,Yes,No,No,No,No,No,,,,,,,,,,,,,,williams,M
101,No,White,No,No,No,No,No,No,,No,,,,,,,,,,,,menconi,A
102,Yes,White,No,No,Yes,No,No,No,,Yes,,,,,,,,,,,,bush,D
103,No,White,No,No,No,No,No,No,,No,,,,,,,,,,,,hanlon,K
104,No,White,Yes,No,No,No,Yes,No,,,,,,,,,,,,,,kohne,C
105,Yes,White,No,No,No,No,Yes,No,,,,,,,,,,,,,,mccormick,K
106,Yes,Nonwhite,No,No,No,No,No,No,,,,,,,,Yes,,,,,,spaulding,S
107,Yes,White,Yes,No,No,No,No,No,Yes,,,,,,No,,,,,Yes,,crow,J
108,No,White,No,No,No,No,Yes,Yes,No,,,,,,Yes,,,,,No,,tillemann,L
111,No,Nonwhite,No,No,No,No,No,No,,,,,,,,No,No,No,,,,seidman,B
112,Yes,White,No,No,No,No,No,No,,,,,,,Yes,Yes,No,Yes,,,,ring,L
113,No,White,No,No,No,No,No,No,,,,,,,,,,,,,,montgomery,C
114,No,White,No,No,No,No,No,No,,,,,,,,,,,,,,winfield,R
115,Yes,White,No,No,No,No,Yes,No,,,,,,,,,,,,,,johnson-green,T
116,Yes,Nonwhite,Yes,No,No,No,No,No,,,,,,,,,,,,,,jr.,F
117,Yes,Nonwhite,No,No,No,No,No,No,,,,,,,,,,,,,,johnson,F
118,No,White,No,No,No,No,No,No,,,,,,,,,,,,,,ingham,R
119,No,White,No,No,No,No,No,No,,,,,,,,,,,,,,nesmith,T
120,Yes,White,No,No,No,No,Yes,No,,,,,,,,,,,,,,foster,S
121,Yes,White,Yes,No,No,No,No,No,,,,,,,,,,,,,,enderlin,C
122,No,White,No,No,No,No,No,No,,,,,,,,,,,,,,oliver,R
123,No,White,No,No,No,No,No,No,,No,No,,,,,,,,,,,kaple,B
124,No,White,No,No,No,No,Yes,No,,No,No,,,,,,,,,,,abel,K
125,Yes,Nonwhite,No,No,No,No,Yes,No,,Yes,Yes,,,,,,,,,,,mcbath,L
126,No,White,No,No,No,No,No,No,,No,No,,,,,,,,,,,griffin,S
127,Yes,White,No,No,No,No,No,No,,Yes,,,,,No,,,,,,,bourdeaux,C
128,No,Nonwhite,No,No,No,Yes,No,No,,No,,,,,No,,,,,,,kim,D
129,No,Nonwhite,No,No,No,No,No,No,,No,,,,,No,,,,,,,pham,E
130,No,White,No,No,No,No,No,No,,No,,,,,Yes,,,,,,,allen,K
131,No,Nonwhite,No,No,No,No,No,No,,No,,,,,No,,,,,,,davis,M
132,No,White,Yes,No,No,No,No,No,,No,,,,,No,,,,,,,reilly,S
133,No,White,Yes,No,No,No,No,No,,,,,,,No,,,Yes,,,,cooper,D
134,Yes,White,No,No,No,No,No,No,,,,,,,Yes,,,No,,,,mccall,J
141,Yes,White,No,No,Yes,No,No,No,Yes,Yes,,Yes,,,,,,,,,,finkenauer,A
142,No,White,No,No,No,No,Yes,No,No,No,,No,,,,Yes,,,,,,rowe,C
143,No,Nonwhite,Yes,No,No,No,No,No,No,No,,No,,,,,,,,,,ramsey,G
144,No,White,No,No,No,No,No,Yes,No,No,,No,,,,,,,,,,heckroth,T
145,Yes,White,No,No,No,No,No,No,Yes,Yes,,,,No,No,,,,,,,axne,C
146,No,White,No,No,No,Yes,No,No,No,No,,,,No,No,,,,,,,mauro,E
147,No,White,No,No,No,No,No,No,No,No,,,,Yes,Yes,,,,,,,d'alessandro,P
148,Yes,White,No,No,No,No,No,No,,,,,,,Yes,,,,Yes,,,scholten,J
149,No,White,No,No,No,No,Yes,No,,,,,,,No,,,,No,,,paschen,J
150,No,White,No,No,Yes,No,No,No,,,,,,,No,,,,No,,,jacobsen,L
154,Yes,Nonwhite,No,No,No,No,No,No,,,,,,,,,,,,,,mcneil,C
155,No,White,No,No,No,No,No,No,,,,,,,,,,,,,,vandermaas,J
156,No,White,Yes,No,No,No,No,No,,,,,,,,,,,,,,smith,M
157,Yes,White,No,No,No,No,No,No,,,,,,,,,,,,,,swisher,A
158,No,White,No,No,No,No,No,No,,,,,,,,,,,,,,rickards,P
165,Yes,White,Yes,No,No,No,No,No,Yes,,,Yes,,,,,,,,Yes,,kelly,B
166,No,White,Yes,No,No,No,No,No,No,,,No,,,,,,,,No,,bequette,D
167,No,White,No,No,No,No,No,No,No,No,,,,,,No,,,,,,sides,A
168,Yes,White,No,No,No,No,No,No,Yes,Yes,,,,,,No,,,,,,londrigan,B
169,No,White,No,No,No,No,Yes,No,No,No,,,,,,Yes,,,,,,gill,D
170,No,White,No,No,No,No,No,No,No,No,,,,,,No,,,,,,jones,E
171,No,White,Yes,No,No,No,No,No,No,No,,,,,,No,,,,,,ebel,J
172,No,White,No,Yes,No,No,No,No,No,No,No,,No,,No,,,,,,,roldan-johnson,D
173,No,White,No,No,No,No,Yes,No,No,No,No,,No,,No,,,,,,,weber,G
174,No,White,No,No,No,No,No,No,No,No,No,,No,,Yes,,,,,,,walz,J
175,No,White,No,No,No,No,No,No,No,No,No,,No,,No,,,,,,,hosta,J
176,Yes,Nonwhite,No,No,No,No,Yes,Yes,Yes,Yes,Yes,,Yes,,No,,,,,,,underwood,L
177,No,White,No,No,Yes,No,Yes,No,No,No,No,,No,,No,,,,,,,brolley,M
178,No,White,Yes,No,No,No,No,No,No,No,No,,No,,No,,,,,,,swanson,V
179,No,White,No,No,No,No,Yes,No,,,,,,,,,,,,,,spoerer,C
180,Yes,White,No,No,No,No,No,No,,,,,,,,,,,,,,gaither,K
181,No,White,No,No,No,No,No,No,,,,,,,Yes,,,,,,,briel,A
182,No,White,No,No,No,No,No,No,,,,,,,No,,,,,,,vercolio-osmund,B
183,No,Nonwhite,No,No,No,No,No,No,,,,,,,No,,,,,,,mohammad,N
184,Yes,White,No,No,No,No,No,No,,,,,,,No,,,,,,,dady,S
185,No,White,No,No,No,No,No,No,,,,,,,,,,,,,,deters,B
186,No,White,No,No,No,No,No,No,,,,,,,,,,,,,,miller,D
187,Yes,White,No,No,No,No,No,No,,,,,,,,,,,,,,rodriguez,J
188,Yes,Nonwhite,No,No,Yes,No,No,No,,No,,,,Yes,Yes,,,,,,,garcia,J
189,No,Nonwhite,No,No,No,No,No,No,,No,,,,No,No,,,,,,,gonzalez,R
190,No,Nonwhite,No,No,No,No,No,No,,Yes,,,,No,No,,,,,,,flores,S
191,No,White,No,No,No,No,No,No,No,No,No,,,,,,,,,,,howland,A
192,No,White,No,No,No,No,No,No,No,No,No,,,,,,,,,,,wilkins,B
193,No,White,No,No,No,No,No,No,No,No,No,,,,,,,,,,,cheney,C
194,No,White,No,No,No,No,No,No,No,No,No,,,,,,,,,,,zordani,J
195,No,White,No,No,No,No,Yes,No,No,Yes,No,,,,,,,,,,,mazeski,K
196,No,White,No,No,No,No,Yes,No,No,No,No,,,,,,,,,,,huffman,R
197,Yes,White,No,No,No,Yes,Yes,No,Yes,No,Yes,,,,,,,,,,,casten,S
198,No,White,No,No,No,No,Yes,No,,,No,,,,,,,,,,,carpenter,D
199,No,White,No,No,No,No,No,No,,,No,,,,,,,,,,,petroff,J
200,Yes,White,No,No,No,Yes,Yes,No,,,No,,,,,,,,,,,hall,M
201,No,White,No,Yes,No,No,No,No,,,No,,,,,,,,,,,hackett,P
202,No,White,Yes,No,No,No,No,No,,,No,,,,,,,,,,,leech,R
203,No,Nonwhite,No,No,No,Yes,Yes,No,,,Yes,,,,,,,,,,,joshi,Y
204,Yes,White,No,No,No,No,No,No,,,,,,,,,,,,,,tritch,C
205,No,Nonwhite,Yes,No,No,No,No,No,,,,,,,,,,,,,,roberson,J
206,No,White,No,No,No,No,No,No,,,,,,,,,,,,,,schrader,T
207,No,White,No,No,No,No,No,No,,,,,,,,,,,,,,griesey,D
208,No,White,No,No,No,No,No,No,,,,,,,,,,,,,,mackey,J
209,No,White,No,No,No,No,No,No,,,,,,,,,,,,,,day,R
211,Yes,White,Yes,No,No,No,No,No,,,,,,,,,,,,,,beck,T
212,No,White,No,Yes,No,No,No,No,,,,,,,,,,,,,,ziol,V
213,Yes,Nonwhite,No,No,No,No,No,No,,,,,,,,,,,,,,thornton,D
214,No,White,No,No,No,No,No,No,,,,,,,,,,,,,,douglas,D
215,No,Nonwhite,No,No,No,No,Yes,No,,,,,,,,,,,,,,faraggi,E
216,No,Nonwhite,No,No,No,No,Yes,No,,,,,,,,,,,,,,moore,K
217,No,White,No,No,No,No,No,No,,,,,,,,,,,,,,dugdale,S
218,No,White,Yes,No,No,No,Yes,No,,,,,,,,,,,,,,holland,G
219,Yes,Nonwhite,No,No,No,No,No,No,,,,,,,,,,,,,,lake,J
220,No,White,No,No,No,No,No,No,,,,,,,,,,,,,,pruett,J
221,No,White,No,No,No,No,Yes,No,,,,,,,,,,,,,,williamson,J
222,No,White,No,No,No,No,No,No,,,,,,,,,,,,,,lave,K
223,No,White,No,No,No,No,No,No,,,,,,,,,,,,,,siekman,L
224,Yes,White,No,No,No,No,No,No,,,,,,,,,,,,,,tanoos,W
225,No,White,No,No,No,No,No,No,,No,,,No,,,Yes,No,,No,,,canon,D
226,Yes,White,No,No,No,No,No,No,,Yes,,,Yes,,,No,Yes,,Yes,,,watson,L
227,No,White,No,No,No,No,No,No,,No,,,No,,,No,No,,No,,,chatlos,R
233,Yes,White,Yes,No,No,No,No,No,,,,,,,,,,,,,,lapolice,A
234,Yes,White,No,No,Yes,No,No,No,,,,,,,,,,,,,,davis,P
235,No,White,No,No,No,No,No,Yes,,No,Yes,,,Yes,Yes,Yes,Yes,No,,,,welder,B
236,No,White,No,No,No,No,No,No,,No,No,,,No,No,No,No,No,,,,sidie,J
237,No,White,No,No,No,No,Yes,No,,No,No,,,No,No,No,No,No,,,,mccamon,M
238,Yes,Nonwhite,No,Yes,No,No,No,No,,Yes,No,,,No,No,No,No,Yes,,,,davids,S
239,No,White,No,No,No,No,No,No,,No,No,,,No,No,No,No,No,,,,williams,S
240,No,White,No,No,No,No,No,No,,No,No,,,No,No,No,No,Yes,,,,niermann,T
241,Yes,White,Yes,No,No,No,No,No,,,Yes,,,Yes,Yes,Yes,,,,,,thompson,J
242,No,White,No,No,No,No,No,No,,,Yes,,,No,No,No,,,,,,lombard,L
243,No,White,No,No,No,No,No,No,,,,,,,No,,,No,,,,pennington,A
244,Yes,White,No,No,No,No,No,No,,,,,,,Yes,,,Yes,,,,walker,P
245,No,White,No,No,No,No,No,No,,,,,,,No,,,,,,,pedigo,B
246,No,White,No,No,No,No,No,No,,,,,,,Yes,,,,,,,short,G
247,Yes,White,No,No,No,No,No,No,,,,,,,No,,,,,,,linderman,H
248,No,White,Yes,No,No,No,No,No,,,,,,,No,,,,,,,sessions,R
249,No,White,No,No,No,No,No,No,,,No,,,,,,,,,,,lord,C
250,No,White,No,No,No,No,No,No,,,Yes,,,,,,,,,,,piatt,P
251,Yes,White,No,No,No,No,No,No,,,No,,,,,,,,,,,hall,S
252,Yes,White,Yes,No,No,No,No,No,,,,,,,,,,,,,,stepp,K
253,No,White,No,No,Yes,No,No,No,,,,,,,,,,,,,,sykes,S
254,Yes,White,Yes,No,No,No,No,No,,,,,,,,,,,,Yes,,mcgrath,A
255,No,White,No,No,No,No,No,No,,,,,,,,,,,,No,,kemph,D
256,No,White,No,No,No,No,No,No,,,,,,,,,,,,,,young,G
257,No,White,No,Yes,Yes,No,No,No,,,,,,,,,,,,,,gray,J
258,No,Nonwhite,No,No,Yes,No,No,No,,,,,,,,,,,,No,,thomas,R
259,No,White,No,No,No,No,No,No,,,,,,,,,,,,No,,green,T
268,No,White,No,No,No,No,No,No,,,Yes,,,,No,,,,,No,,galbraith,A
269,No,White,No,No,No,No,Yes,No,,,No,,,,No,,,,,No,,lane,E
270,Yes,White,Yes,No,No,No,No,No,,,Yes,,,,No,,,,,Yes,,colvin,J
272,No,White,No,No,No,No,No,No,,,Yes,,,,Yes,,,,,No,,pullen,M
273,No,White,No,No,No,No,No,No,,,No,,,,No,,,,,No,,worton,S
274,No,White,Yes,No,No,No,No,No,,No,Yes,,,,No,No,,,No,,,duck,A
275,No,Nonwhite,No,No,Yes,No,Yes,No,,Yes,Yes,,,,No,No,,,No,,,miller,A
276,No,White,No,No,No,No,No,No,,No,No,,,,No,No,,,No,,,graves,C
277,No,White,No,No,No,No,Yes,No,,No,Yes,,,,No,No,,,No,,,hearsey,C
278,Yes,White,No,No,No,Yes,No,No,,No,Yes,,,,No,No,,,No,,,trone,D
279,No,White,No,No,No,No,No,No,,No,No,,,,No,No,,,No,,,english,G
280,No,Nonwhite,No,No,No,No,Yes,No,,No,Yes,,,,No,No,,,No,,,hashimi,N
281,No,White,No,No,Yes,No,No,No,,No,Yes,,,,Yes,Yes,,,Yes,,,manno,R
289,No,,No,No,No,No,No,No,,,Yes,,,,,,,,,No,,olson,C
290,Yes,,Yes,No,Yes,No,No,No,,,No,,,,,,,,,Yes,,golden,J
291,No,,No,No,No,No,No,No,,,Yes,,,,,,,,,No,,clair,L
292,Yes,,No,No,No,No,No,No,,,Yes,,,,,,,,,,,ringelstein,Z
296,No,White,No,No,Yes,No,No,No,,,,,,,,,,,,,,jr.,F
297,Yes,White,No,No,No,No,No,No,,,,,,,,,,,,,,bizon,K
299,No,Nonwhite,No,No,No,No,No,Yes,,,,,,,,Yes,,,,,,saad,F
300,Yes,White,No,No,No,No,No,Yes,,,,,,,,No,,,,,,stevens,H
301,No,White,No,No,No,No,No,No,,,,,,,,No,,,,,,skinner,N
302,No,Nonwhite,No,No,No,No,Yes,No,,,,,,,,No,,,,,,gupta,S
303,No,White,No,No,Yes,No,No,No,,,,,,,,No,,,,,,greimel,T
304,No,White,No,No,Yes,No,No,No,,,,,,,No,No,No,,,,,wild,B
305,No,White,No,No,Yes,No,No,No,,,,,,,No,No,No,,,,,wild,B
306,Yes,Nonwhite,No,No,Yes,No,No,No,,,,,,,No,No,No,,,,,jones,B
307,No,Nonwhite,No,No,Yes,No,No,No,,,,,,,No,No,No,,,,,jones,B
308,No,Nonwhite,No,No,Yes,No,No,No,,,,,,,No,No,No,,,,,ii,C
309,No,Nonwhite,No,No,Yes,No,No,No,,,,,,,No,No,No,,,,,conyers,I
310,No,Nonwhite,No,No,Yes,No,No,No,,,,,,,No,No,No,,,,,conyers,I
311,Yes,Nonwhite,No,No,Yes,No,No,Yes,,,,,,,Yes,Yes,Yes,,,,No,tlaib,R
312,No,Nonwhite,No,No,Yes,No,No,Yes,,,,,,,Yes,Yes,Yes,,,,No,tlaib,R
313,No,Nonwhite,No,No,Yes,No,No,No,,,,,,,No,No,No,,,,,jackson,S
314,Yes,White,No,No,No,No,Yes,No,,,Yes,,,,Yes,Yes,,Yes,,,,davidson,R
315,Yes,White,No,No,No,No,No,No,,,Yes,,,,,,,,,,,albro,C
316,No,White,No,No,No,No,No,No,,,,,,,,,,,,,,wooden,F
317,Yes,White,No,No,No,No,No,No,,,,,,,,,,,,,,hilliard,J
318,No,White,No,No,No,No,No,No,,,,,,,,,,,,,,kozicki,Z
319,No,White,No,No,No,No,No,No,,,Yes,,,,Yes,Yes,,,,,,benac,D
320,No,White,No,No,No,No,No,No,,,Yes,,,,No,No,,,,,,franklin,G
321,Yes,White,No,No,No,No,Yes,No,,,Yes,,,,No,No,,,,,,longjohn,M
322,No,White,No,No,No,No,Yes,No,,,Yes,,,,No,No,,,,,,eichholz,R
323,Yes,White,No,No,Yes,No,No,No,Yes,Yes,,,,,No,,,,,,,driskell,G
324,No,White,Yes,No,No,No,No,No,No,No,,,,,Yes,,,,,,,friday,S
325,No,White,No,No,No,No,No,No,,No,,No,,,,,,,,,,smith,C
326,Yes,White,No,No,No,No,No,Yes,,Yes,,Yes,,,,,,,,,,slotkin,E
327,Yes,White,No,No,No,No,No,No,,No,Yes,,,,,,,,,,,levin,A
328,No,White,No,No,Yes,No,Yes,No,,Yes,Yes,,,,,,,,,,,lipton,E
329,No,White,No,No,No,No,No,No,,No,Yes,,,,,,,,,,,brook,M
330,No,White,No,No,Yes,No,No,No,,,,,,,,,,,,No,,haas,B
331,Yes,White,No,No,No,No,No,No,,,Yes,,,,,,,,,No,,vanostran,C
332,No,White,No,No,No,No,No,No,,,Yes,,,,,,,,,No,,messmer,J
333,No,White,Yes,No,No,No,No,No,,,Yes,,,,,,,,,Yes,,osmack,M
334,No,White,No,No,No,No,No,No,,,,,,,,,,,,No,,hazel,R
335,Yes,White,No,No,No,No,Yes,No,,,Yes,,,,,,,,,,,geppert,K
336,No,White,No,No,No,No,Yes,No,,,Yes,,,,,,,,,,,thompson,H
337,Yes,White,No,No,No,No,No,No,,,,,,,,,,,,,,hoagenson,R
339,Yes,Nonwhite,Yes,No,No,No,No,No,,,,,,,No,,,,,,,martin,H
340,No,White,No,No,No,No,No,No,,,,,,,Yes,,,,,,,apple,W
341,Yes,White,Yes,No,Yes,No,Yes,No,,,Yes,,,,,Yes,,,,,,schoolcraft,J
342,No,Nonwhite,No,No,No,No,No,No,,,No,,,,,No,,,,,,torre,J
345,Yes,White,No,No,No,No,No,No,,,,,,,,,,,,,,ellis,K
346,Yes,,No,No,No,No,Yes,No,,,,,,,,,,,,,,wadkins,R
347,No,,Yes,Yes,No,No,No,No,,,,,,,,,,,,,,aycox,M
348,Yes,,No,No,Yes,No,No,No,,,,,,,,,,,,,,evans,M
349,Yes,Nonwhite,No,No,Yes,No,No,No,,,,,,,,,,Yes,,,,anderson,J
350,Yes,White,No,No,Yes,No,No,No,,,,,,,,,,,,,,baria,D
351,No,White,No,No,No,No,No,No,,,,,,,,,,,,,,sherman,H
352,No,,No,No,No,No,No,No,,,,,,,,,,,,,,bohren,J
353,No,Nonwhite,No,No,No,No,Yes,No,,,,,,,,,,,,,,garland,J
354,No,Nonwhite,No,No,Yes,No,No,No,,,,,,,,,,,,,,scott,O
355,No,Nonwhite,Yes,No,No,No,No,No,,,,,,,,,,,,,,jr.,V
356,No,,No,No,No,No,Yes,No,,,No,,,,No,No,,,,,,kier,G
357,No,,No,No,No,No,No,No,,,No,,,,No,No,,,,,,pettinato,J
358,No,,No,No,No,Yes,No,No,,,No,,,,Yes,Yes,,,,,,heenan,J
359,No,,No,No,No,No,Yes,No,,,Yes,,,,No,No,,,,,,meyer,J
360,Yes,,No,No,Yes,No,No,No,,,Yes,,,,No,No,,,,,,williams,K
361,No,,No,No,Yes,No,No,No,,,No,,,,No,No,,,,,,moss,L
362,Yes,White,No,No,No,No,No,No,,,Yes,,,,,,,,,,,brown,D
363,Yes,White,No,No,No,No,No,No,,,Yes,,,,,,,,,,,price,P
364,No,White,No,No,No,No,Yes,No,,,No,,,,,,,,,,,donaldson,S
365,No,White,Yes,No,No,No,No,No,,,No,,,,,,,,,,,woodsmall,S
366,No,White,No,No,No,No,No,No,No,No,Yes,,,,,,,,,,,coker,A
367,Yes,White,No,No,No,No,No,No,Yes,Yes,No,,,,,,,,,,,manning,K
368,No,White,No,No,No,Yes,Yes,No,,,Yes,,,,,,,,,,,romley,K
369,Yes,Nonwhite,No,No,Yes,No,No,No,,,Yes,,,,,,,,,,,coleman,L
370,No,White,Yes,Yes,No,No,No,No,,,Yes,,,,,,,,,,,may,W
371,Yes,Nonwhite,No,No,Yes,No,No,No,,,No,,,,,No,,,Yes,,,adams,D
372,No,White,No,No,No,No,No,No,,,Yes,,,,,Yes,,,No,,,marshall,J
373,No,Nonwhite,No,No,No,No,No,No,,,No,,,,,,,No,,,,wong,G
374,Yes,White,No,No,No,No,No,No,,,Yes,,,,,,,Yes,,,,watts,R
375,No,White,No,No,No,No,Yes,No,,,No,,,,,,,,,,,parker,G
376,Yes,White,No,No,No,No,Yes,No,,,Yes,,,,,,,,,,,horton,K
377,Yes,White,No,No,No,No,No,No,,,No,,,,,,,,,,,mcneill,F
378,No,White,No,No,No,No,No,No,,,Yes,,,,,,,,,,,tiegel,M
379,No,White,Yes,No,No,No,No,No,,,Yes,,,,,,,,,,,huffman,S
380,No,Nonwhite,No,Yes,No,No,No,No,No,,,,,,,,,No,,No,,cano,C
381,Yes,White,Yes,No,No,No,No,No,Yes,,,,,,,,,Yes,,Yes,,mccready,D
382,Yes,,No,No,Yes,No,No,No,,,,,,,,,,,,,,schneider,M
386,No,,No,No,No,No,No,No,,,Yes,,,,,,,,No,,,crawford,D
387,Yes,,No,No,No,No,Yes,No,,,Yes,,,,,,,,No,,,mcclure,J
388,No,,No,No,Yes,No,No,No,Yes,,Yes,,,,,No,No,,No,,,ashford,B
389,Yes,,No,No,No,No,No,No,No,,Yes,,,,,Yes,Yes,,Yes,,,eastman,K
390,Yes,,No,No,No,No,No,No,,,,,,,,,,,,,,theobald,P
391,No,,No,No,No,No,No,No,,,,,,,,,,,,,,janicek,C
392,No,,Yes,No,Yes,No,No,No,,,,,,,,,,,,,,svoboda,F
393,Yes,,No,No,Yes,No,No,No,,,,,,,,,,,,,,raybould,J
394,No,,Yes,No,No,No,No,No,,,,,,,,,,,,,,marvin,L
395,No,,No,No,No,No,Yes,No,No,No,,No,,,,,,,,No,,heslin,A
396,No,,No,No,No,No,No,No,No,No,,No,,,,,,,,No,,washburne,M
397,Yes,,Yes,No,No,No,No,No,Yes,Yes,,Yes,,,,,,,,Yes,,sherrill,M
398,No,,No,No,No,No,No,No,No,No,,No,,,,,,,,No,,cobert,M
399,No,Nonwhite,No,No,No,Yes,No,No,No,No,,No,,,,,,,,No,,harris,T
400,Yes,White,No,No,Yes,No,No,No,Yes,,,,,,,,,No,,,,drew,J
401,No,,No,No,No,No,No,No,No,,,,,,,,,No,,,,kleinman,N
402,No,Nonwhite,No,No,No,No,No,No,No,,,,,,,,,Yes,,,,youngblood,T
403,No,Nonwhite,No,Yes,No,No,No,No,No,,,,,,,,,No,,,,cunningham,W
404,Yes,Nonwhite,No,No,No,No,No,Yes,Yes,,,Yes,,,,,Yes,,Yes,,,kim,A
405,No,White,No,No,Yes,No,No,No,,,,,,,Yes,,,,Yes,,,keady,J
406,Yes,,Yes,No,No,No,No,No,,,,,,,No,,,,No,,,welle,J
407,No,Nonwhite,No,No,No,No,No,No,No,,,No,,,No,No,,,,,,jois,G
408,No,Nonwhite,No,No,No,No,No,No,No,,,No,,,Yes,Yes,,,,,,jacob,P
409,Yes,,No,No,No,No,No,Yes,Yes,,,Yes,,,No,No,,,,,,malinowski,T
413,No,Nonwhite,No,No,No,No,No,No,,No,No,,No,,Yes,Yes,,,Yes,No,No,lopez,A
414,No,Nonwhite,No,No,No,No,No,No,,No,No,,No,,No,No,,,No,No,No,lara,D
415,No,Nonwhite,Yes,No,No,No,No,No,,No,No,,No,,No,No,,,No,Yes,Yes,martinez,D
416,Yes,Nonwhite,No,No,No,No,No,Yes,,Yes,No,,Yes,,No,No,,,No,No,No,haaland,D
417,No,White,No,Yes,Yes,No,No,No,,No,Yes,,No,,No,No,,,No,No,No,davis,P
418,No,Nonwhite,No,No,No,No,No,No,,No,No,,No,,No,No,,,No,No,No,moya,P
419,No,,Yes,No,No,No,No,No,No,No,,,,,Yes,,,,,,,hildebrandt,M
420,Yes,Nonwhite,No,No,No,No,No,No,Yes,Yes,,,,,No,,,,,,,small,X
427,Yes,,No,No,No,No,No,No,,,Yes,,,,No,,,,,,,koble,C
428,No,,No,No,No,No,No,No,,,No,,,,No,,,,,,,jr.,J
429,No,,No,No,No,No,No,No,,,No,,,,No,,,,,,,hurley,J
430,No,,No,No,No,No,Yes,No,,,Yes,,,,Yes,,,,,,,fogarty,P
431,No,,No,No,No,No,Yes,No,,,Yes,,,,No,,,,,,,shepherd,R
432,No,,Yes,No,No,No,No,No,,,No,,,,No,,,,,,,alm,V
433,No,,No,No,No,No,No,No,No,No,No,No,,,,,,,,,,stoltz,E
434,No,,No,No,No,No,Yes,No,No,No,No,No,,,,,,,,,,pinjuv,G
435,No,,No,No,No,No,No,No,No,No,No,No,,,,,,,,,,love,J
436,No,,No,No,No,No,Yes,No,No,No,No,No,,,,,,,,,,weiss,M
437,No,,No,No,No,No,No,No,No,No,No,No,,,,,,,,,,hart,R
438,No,,No,No,No,No,No,No,No,No,No,No,,,,,,,,,,schiffman,S
439,Yes,,No,No,No,No,No,No,Yes,Yes,Yes,Yes,,,,,,,,,,lee,S
440,No,Nonwhite,No,No,Yes,No,No,No,No,,No,No,,,No,No,,No,,No,,stephens,A
441,No,,No,No,No,No,No,No,No,,Yes,No,,,Yes,Yes,,Yes,,No,,vilela,A
442,No,,No,No,No,No,No,No,No,,Yes,No,,,No,No,,,,,,anzalone,J
443,No,Nonwhite,Yes,Yes,Yes,No,No,No,No,,Yes,No,,,No,No,,No,,Yes,,spearman,P
444,No,,Yes,No,No,No,No,No,No,,No,No,,,No,No,,No,,No,,zeller,S
445,Yes,Nonwhite,No,No,Yes,No,No,No,Yes,,Yes,Yes,,,No,No,,,,,,horsford,S
446,No,Nonwhite,No,No,No,No,No,No,No,No,,No,,,No,,,,,,,rheinhart,A
447,No,Nonwhite,No,No,No,No,No,No,No,No,,No,,,No,,,,,,,mahendra,B
448,No,,No,No,No,No,No,No,No,No,,No,,,No,,,,,,,burleigh,D
449,No,,No,No,No,No,No,No,No,No,,No,,,No,,,,,,,knight,D
450,Yes,,No,No,Yes,No,Yes,No,Yes,Yes,,Yes,,,No,,,,,,,rosen,J
451,No,Nonwhite,No,No,No,Yes,No,No,No,No,,No,,,Yes,,,,,,,sbaih,J
452,No,,No,No,No,No,No,No,,,,,,,,,,,,,,pechefsky,D
453,No,,No,No,No,No,Yes,No,,,,,,,,,,,,,,dimasi,E
454,No,White,No,No,Yes,No,No,No,,,,,,,,,,,,,,browning,K
455,Yes,,No,No,No,Yes,Yes,No,,,,,,,,,,,,,,gershon,P
456,No,Nonwhite,No,No,Yes,No,No,No,,,,,,,,,,,,,,viloria-fisher,V
457,Yes,,Yes,No,No,No,No,No,Yes,,,,,,,,,,Yes,Yes,,rose,M
458,No,Nonwhite,Yes,No,No,No,No,No,No,,,,,,,,,,No,No,,jr.,M
459,No,Nonwhite,No,No,No,No,No,No,No,,,,,,,,,,No,No,,vaid,O
460,No,,No,No,No,No,No,No,No,,,,,,,,,,No,No,,sperling,P
461,No,Nonwhite,No,No,No,No,Yes,No,No,,,,,,,,,,No,No,,mohan,R
462,No,,No,No,No,No,No,No,No,,,,,,,,,,No,No,,emig,Z
463,Yes,Nonwhite,No,No,No,No,No,No,,No,Yes,,,,,No,,No,,No,,delgado,A
464,No,White,No,No,No,Yes,No,No,,No,No,,,,,No,,No,,No,,flynn,B
465,No,,No,No,No,Yes,No,No,,No,No,,,,,No,,Yes,,No,,clegg,D
466,No,,No,No,No,No,No,No,,Yes,Yes,,,,,No,,No,,No,,collier,E
467,No,,No,No,No,No,No,No,,No,No,,,,,No,,Yes,,No,,rhodes,G
468,No,,No,No,No,No,No,No,,No,No,,,,,Yes,,No,,No,,beals,J
469,No,,Yes,No,No,No,No,No,,No,No,,,,,No,,Yes,,Yes,,ryan,P
470,No,Nonwhite,Yes,No,Yes,No,No,No,,No,Yes,,,,No,,,No,Yes,Yes,,gregory,D
471,Yes,,No,No,No,No,No,No,,Yes,Yes,,,,Yes,,,Yes,No,No,,shirley,L
472,No,,No,No,No,No,No,No,,,No,,,,No,No,,No,No,,,ratigan,D
473,No,,No,No,No,No,No,No,,,No,,,,No,No,,No,No,,,martz,E
474,No,,No,No,No,No,No,No,,,No,,,,No,No,,No,Yes,,,wilson,K
475,No,White,No,No,No,No,Yes,No,,,Yes,,,,Yes,Yes,,No,No,,,nelson,P
476,Yes,,No,No,Yes,No,No,No,,,Yes,,,,Yes,No,,Yes,No,,,cobb,T
477,Yes,,No,No,Yes,No,No,No,Yes,,No,,,,,,,,Yes,,,brindisi,A
478,No,,No,Yes,No,No,Yes,No,,,No,,,,No,No,,,No,,,sundquist,E
479,No,,No,No,No,No,No,No,,,No,,,,Yes,Yes,,,No,,,golden,I
480,No,,No,No,No,No,Yes,No,,,No,,,,No,No,,,No,,,andrei,L
481,No,,Yes,No,No,No,No,No,,,No,,,,No,No,,,No,,,pia,M
482,Yes,,No,No,No,No,No,No,,,Yes,,,,No,No,,,Yes,,,mitrano,T
483,Yes,,No,No,No,No,No,No,No,No,Yes,,,,Yes,No,Yes,Yes,Yes,No,,balter,D
484,No,Nonwhite,Yes,No,No,No,No,No,Yes,Yes,Yes,,,,No,No,No,No,No,Yes,,williams,J
485,No,Nonwhite,No,No,Yes,No,No,No,,,No,,,,No,,,,No,,,mcfadden,A
486,Yes,,No,No,Yes,No,No,No,,,Yes,,,,No,,,,Yes,,,morelle,J
487,No,,No,No,No,No,No,No,,,Yes,,,,No,,,,No,,,barnhart,R
488,No,Nonwhite,No,No,Yes,No,No,No,,,Yes,,,,Yes,,,,No,,,wilt,R
489,Yes,White,No,No,Yes,No,No,No,,,,,,,,,,,Yes,,,mcmurray,N
496,Yes,Nonwhite,No,No,Yes,No,No,No,Yes,,,,,,,,,,,,,pureval,A
497,No,,No,No,No,No,No,No,,,,,,,,,,,,,,milisits,M
498,No,,No,No,No,No,Yes,No,,,,,,,,,,,,,,klepinger,R
499,Yes,,No,No,No,No,No,No,,,,,,,,,,,,,,gasper,T
500,Yes,,No,No,Yes,No,No,No,,,Yes,,,,,No,,Yes,,,,o'connor,D
501,Yes,,No,No,Yes,No,No,No,,,Yes,,,,,No,,Yes,,,,o'connor,D
502,No,,No,No,Yes,No,No,No,,,No,,,,,No,,No,,,,wilson,D
503,No,,No,No,Yes,No,No,No,,,No,,,,,No,,No,,,,wilson,D
504,No,,Yes,No,No,No,No,No,,,No,,,,,No,,No,,,,albertson,E
505,No,,Yes,No,No,No,No,No,,,No,,,,,No,,No,,,,albertson,E
506,No,,No,No,No,No,No,No,,,Yes,,,,,No,,No,,,,patton,J
507,No,,No,No,No,No,No,No,,,Yes,,,,,No,,No,,,,patton,J
508,No,,No,No,No,No,No,No,,,No,,,,,No,,No,,,,peters,J
509,No,,No,No,No,No,No,No,,,Yes,,,,,Yes,,No,,,,russell,J
510,No,,No,No,No,No,No,No,,,Yes,,,,,Yes,,No,,,,russell,J
511,No,,No,No,Yes,No,No,No,,,No,,,,,No,,No,,,,scott,Z
512,No,,No,No,Yes,No,No,No,,,No,,,,,No,,No,,,,scott,Z
513,Yes,,No,No,No,No,No,No,Yes,Yes,,,,,,,,,,,,rader,B
514,Yes,,No,Yes,No,No,No,No,,,Yes,,,,,,,,,,,neal,R
515,No,,No,No,No,No,No,No,,,No,,,,,,,,,,,jarvis,R
516,No,,No,No,No,No,Yes,No,,,Yes,,,,Yes,,,,,,,godfrey,A
517,No,,Yes,No,No,No,No,No,,,Yes,,,,No,,,,,,,goodrich,G
518,No,,No,No,No,No,No,No,,,No,,,,No,,,,,,,wilson,J
519,No,,Yes,No,No,No,No,No,,,No,,,,No,,,,,,,dent,M
520,Yes,,No,No,No,No,No,No,,,Yes,,,,No,,,,,,,palmer,S
521,No,White,No,No,No,No,No,No,,,No,,,,No,,,,,,,mulloy,T
522,No,,No,No,No,No,No,No,,,Yes,,,,,,,,,,,everhard,J
523,Yes,,No,No,No,No,No,Yes,,,Yes,,,,,,,,,,,schiller,J
524,No,,No,No,No,No,No,No,,,No,,,,,,,,,,,smith,W
525,No,,No,No,No,No,Yes,No,,,No,,,,,,,,,,,slatzer-rose,C
526,Yes,,No,No,No,No,No,No,,,Yes,,,,,,,,,,,garrett,J
527,No,,No,No,No,No,No,No,,,Yes,,,,,,,,,,,jr.,J
528,Yes,,No,No,No,No,No,No,,,No,,,,,,,,,,,galbraith,J
529,Yes,,No,No,No,No,No,No,,,,,,,,,,Yes,,,,roberts,S
530,No,,No,No,No,No,No,No,,,,,,,,,,No,,,,lange,W
531,Yes,,Yes,No,No,No,No,No,Yes,,No,,,,,,,,,Yes,,harbaugh,K
532,No,,No,No,No,No,No,No,No,,No,,,,,,,,,No,,pikus,P
533,No,,Yes,No,No,No,No,No,,,No,,,,,,,,,,,ebben,B
534,No,,No,Yes,No,No,No,No,,,No,,,,,,,,,,,guyette,M
535,No,,No,No,No,No,No,No,,,No,,,,,,,,,,,jones,T
536,Yes,Nonwhite,No,No,No,No,No,No,,,Yes,,,,,,,,,,,enoch,V
539,Yes,,No,No,No,No,No,No,,,Yes,,,,,,,,,,,douglas,A
540,No,,No,No,No,No,No,No,,,No,,,,,,,,,,,hullum,D
541,No,,No,No,No,No,No,No,,,No,,,,,,,,,,,fields,G
542,No,,No,No,No,No,No,No,,,No,,,,,,,,,,,keeter,M
543,Yes,,No,No,No,No,No,No,,,No,,,,,,,,,,,gilpin,T
544,Yes,,Yes,No,No,No,No,No,,,,,,,,,,,,,,padgett,C
545,No,Nonwhite,Yes,No,No,No,No,No,,,,,,,,,,,,,,mcintosh,E
546,Yes,Nonwhite,No,No,Yes,No,Yes,No,,,,,,,,,,,,,,nichols,J
547,No,,No,No,No,No,No,No,,,,,,,,,,,,,,jenner,V
548,Yes,,No,No,No,No,Yes,No,,,,,,,,,,,,,,robbins,F
549,No,,No,No,No,No,Yes,No,,,,,,,,,,,,,,thibodeaux,M
550,Yes,,Yes,No,Yes,No,No,No,,,,,,,,,,,,,,gipson,F
551,No,,No,No,No,No,No,No,,,,,,,,,,,,,,varner,M
552,Yes,,No,No,No,No,No,No,,,,,,,,,,,,,,brannon,M
553,No,,No,No,No,No,No,No,,,,,,,,,,,,,,klutts,R
554,No,,No,No,No,No,No,No,,,,,,,,,,,,,,porter,E
555,No,,Yes,Yes,No,No,No,No,,,,,,,,,,,,,,britt,E
556,Yes,,No,No,No,No,No,No,,,,,,,,,,,,,,horn,K
557,No,,No,No,No,No,No,No,,,,,,,,,,,,,,kelley-leonard,L
558,Yes,,No,No,No,No,No,No,,,,,,,,,,,,,,guild,T
559,No,,No,Yes,No,No,No,No,,,,,,,,,,,,,,meade,T
560,No,,No,No,No,No,No,No,,,,,,,Yes,,,,Yes,,,burnette,E
561,Yes,White,No,Yes,Yes,No,Yes,No,,,,,,,,,,Yes,,,,mcleod-skinner,J
562,No,Nonwhite,No,No,No,No,No,No,,,,,,,,,,,,,,neahring,J
563,No,,Yes,No,No,No,No,No,,,,,,,,,,,,,,crary,J
564,No,,No,No,No,No,No,No,,,,,,,,,,,,,,byrne,M
565,No,,Yes,No,No,No,Yes,No,,,,,,,,,,,,,,mason,R
566,No,,No,No,No,No,No,No,,,,,,,,,,,,,,white,T
567,No,White,Yes,No,No,No,No,No,,Yes,Yes,,,,,,,,,Yes,,reddick,R
568,Yes,White,No,No,No,Yes,No,No,,,Yes,,,,,,,,,,,wallace,S
569,No,White,No,No,No,No,No,No,,,Yes,,,,,,,,,,,bacher,S
570,No,White,Yes,No,No,No,No,No,,,,,,,,,,,,,,howe,A
571,No,Nonwhite,No,No,No,No,Yes,No,,,,,,,,,,,,,,ding,E
572,Yes,White,Yes,No,No,No,No,No,,,,,,,,,,,,,,scott,G
573,No,Nonwhite,No,No,No,No,No,Yes,,Yes,,,,,,,,,,,,corbin-johnson,S
574,Yes,White,No,No,No,No,No,No,,,,,,Yes,Yes,Yes,,,Yes,,,king,J
575,No,White,No,No,No,No,No,No,,,,,,,,,,,,,,herschel,J
576,Yes,White,No,No,No,No,Yes,No,,,Yes,,,,,,,,,,,friedenberg,M
577,Yes,White,No,No,No,No,No,No,,,,,,,,,,,,,,ottaway,B
578,No,White,No,No,No,No,Yes,No,,,,,,,,,,,,,,sedlock,A
579,Yes,White,No,No,No,No,Yes,No,,,,,,,,,,,,,,boerio,B
580,No,White,No,No,No,No,Yes,No,,,,,,,,,,,,,,solomon,R
581,No,White,Yes,No,No,No,Yes,No,,,,,,,,,,,,,,prigg,T
582,Yes,White,No,No,No,No,No,No,,,,,,,,,,,,,,boser,S
583,No,White,No,No,No,No,Yes,No,,,,,,,,,,,,,,jodun,W
584,No,White,No,No,No,No,No,No,,,,,,,,,,,,,,rieger,C
585,No,,No,No,No,No,Yes,No,,,,,,,,,,,,,,multari,R
586,Yes,,Yes,No,No,No,No,No,,,,,,,,,,,,,,dinicola,R
587,No,White,No,No,Yes,No,No,No,,,,,,,,,,,,,,hoeffel,J
588,Yes,White,No,No,Yes,No,No,No,,Yes,Yes,,,,,,,,,,,dean,M
589,No,White,No,No,No,No,No,No,,,,,,,,,,,,,,goodman,S
590,No,White,No,Yes,No,No,No,No,,,,,,,,,,,,,,lunkenheimer,A
591,No,White,No,No,Yes,No,No,No,,,,,,,,,,,,,,vitali,G
592,No,White,No,No,No,No,No,No,,,,,,,,,,,,,,arata,L
593,No,Nonwhite,No,No,No,No,No,No,,,,,,,,,,,,,,li,L
594,No,Nonwhite,No,No,Yes,No,No,No,,,Yes,,,,,,,,,,,davidson,M
595,Yes,White,No,No,Yes,No,No,No,,,,,,,,,,,,,,scanlon,M
596,No,White,No,No,No,No,Yes,No,,,Yes,,,,Yes,,,,,,,sheehan,M
598,No,Nonwhite,No,No,Yes,No,No,No,,,,,,,,,,,,,,kirkland,T
599,No,Nonwhite,No,No,No,No,No,No,,,,,,,,,,,,,,wright,T
600,Yes,White,Yes,No,No,No,Yes,No,Yes,Yes,,,,,,,,,,Yes,,houlahan,C
601,No,White,No,No,No,No,No,No,,,,,,,,,,,,,No,clark,D
602,No,Nonwhite,No,No,No,No,No,No,,,,,,Yes,,Yes,Yes,,Yes,,No,edwards,G
603,No,White,No,No,Yes,No,No,No,,,,,,,,,,,,,Yes,morganelli,J
604,No,White,No,No,No,No,No,No,,,,,,,,,,,,,No,daugherty,R
605,No,White,Yes,No,No,No,Yes,No,,,,,,,,,,,,,No,ruggles,R
606,Yes,White,No,No,No,No,No,No,,Yes,,,,,,,,,,,No,wild,S
607,Yes,White,No,No,No,No,No,No,,,,,,,,,,,,,,wolff,D
608,No,White,No,No,No,No,Yes,No,,,,,,,,,,,,,,wegman,G
609,No,White,No,No,No,No,No,No,,,Yes,,,,,,,,,,,quick,L
613,Yes,White,No,No,No,No,Yes,No,,,,,,,,,,,,,,cunningham,J
614,No,Nonwhite,No,No,No,No,No,No,,,,,,,,,,,,,,smith,T
615,No,White,No,No,No,No,No,No,,,Yes,,,,Yes,,,,,,,robertson,A
616,No,White,No,No,No,No,No,No,,,,,,,,,,,,,,black,P
617,Yes,White,Yes,No,No,No,No,No,,,,,,,,,,,,,,carrigan,S
618,No,Nonwhite,Yes,No,No,No,Yes,No,,,,,,,,,,,,,,cleveland,H
619,Yes,White,No,No,No,No,No,No,,,,,,,Yes,,,,,,,geren,M
620,Yes,Nonwhite,No,No,No,No,No,No,,,,,,,,,,,,,,brown,B
621,No,White,No,No,No,No,No,No,,,,,,,Yes,,,,Yes,,,turner,D
622,No,White,No,No,No,No,No,No,,,,,,,,,,,,,,graben,E
623,No,White,No,No,No,No,Yes,No,,,,,,,,,,,,,,davis,J
624,No,White,No,No,No,No,No,No,,,,,,,,,,,,,,iii,W
625,Yes,White,No,No,No,No,No,No,No,,Yes,,,,,,,,,,,parnell,A
626,No,Nonwhite,No,No,No,No,No,No,,,No,,,,,,,,,,,ali,M
627,No,Nonwhite,No,No,No,No,No,No,,,,,,,,,,,,,,moore,S
628,No,White,No,No,No,No,No,No,,,,,,,,,,,,,,lough,S
629,No,White,No,No,No,No,No,No,,,Yes,,,,No,,,,,,,hopkins,B
630,No,White,Yes,No,No,No,Yes,No,,,No,,,,No,,,,,,,fischer,B
631,No,White,No,No,No,No,No,No,,,Yes,,,,Yes,,,,,,,hyman,M
632,Yes,Nonwhite,Yes,No,Yes,No,No,No,,,No,,,,No,,,,,,,williams,R
634,Yes,White,No,No,Yes,No,No,No,,,,,,,,,,,,,,bjorkman,T
638,Yes,White,No,No,No,No,Yes,No,,,,,,,,,,,,,,olsen,M
640,No,White,No,No,No,No,Yes,No,,,Yes,,,,No,,,No,,,,williams,J
641,Yes,White,No,No,No,No,No,No,,,Yes,,,,Yes,,,Yes,,,,hoyos,R
642,Yes,White,No,No,No,No,Yes,No,,,,,,,,,,Yes,,,,mitchell,D
643,No,White,No,No,No,No,No,Yes,,,,,,,,,,No,,,,hale,C
644,Yes,White,No,No,No,No,No,No,,,,,,,,,,Yes,,,,phillips,M
645,No,White,No,No,No,No,No,No,,,,,,,,,,No,,,,reynolds,S
647,Yes,White,No,No,No,No,Yes,No,,,Yes,,,,,,,No,,,,barlow,D
648,No,White,No,No,No,No,No,No,,,No,,,,,,,Yes,,,,wineinger,M
650,Yes,White,No,No,No,No,No,No,,,Yes,,,,,,,Yes,,,,kanew,J
651,No,White,Yes,No,No,No,No,No,,,No,,,,,,,No,,,,reel,M
652,Yes,Nonwhite,No,No,No,No,No,No,,,,,,,,,,No,,,,pearson,E
653,No,White,No,No,No,No,No,No,,,,,,,,,,Yes,,,,jr.,J
655,No,White,No,No,No,No,No,No,,,,No,,,,,,,,,,wolfe,J
656,Yes,White,No,No,Yes,Yes,No,No,,,,Yes,,,,,,,,,,bredesen,P
666,No,White,No,No,No,No,No,No,,,,,,,Yes,,,,,,,beal,B
667,Yes,Nonwhite,Yes,No,No,No,No,No,,,,,,,No,,,,,,,mckellar,S
668,No,White,No,No,No,No,No,No,,,,,,,,,,,,,,nelson,K
669,No,White,No,Yes,No,No,Yes,No,,,,,,,,,,,,,,eden,M
670,No,White,No,No,No,No,Yes,No,,,,,,,,,,,,,,harris,M
671,Yes,White,No,No,No,No,No,No,,,Yes,,,,Yes,,,,,,,siegel,M
672,No,White,No,No,No,No,No,No,,,,,,,,,,,,,,walker,T
673,No,Nonwhite,No,No,No,No,No,No,,,Yes,,,,,,,,,,,cadien,T
674,No,White,No,No,No,No,No,No,,,,,,,,,,,,,,pfalzgraf,E
675,Yes,White,No,No,No,No,No,No,,,,,,,,,,,,,,leeder,J
676,Yes,Nonwhite,No,No,No,No,No,No,,,,,,,,Yes,,,,,,adia,V
677,Yes,White,Yes,No,No,No,No,No,,,,,,,,,,,,,,sagan,G
678,Yes,Nonwhite,No,No,No,No,No,Yes,,,,,,,Yes,Yes,,,,,,bell,A
679,No,Nonwhite,No,No,No,No,No,No,,,,,,,No,No,,,,,,jr.,L
680,No,White,No,No,No,Yes,No,No,,No,,,,,No,,No,,,,,fenenbock,D
681,No,Nonwhite,No,No,No,No,No,No,,No,,,,,No,,No,,,,,garcia,E
682,No,Nonwhite,Yes,No,No,No,No,No,,No,,,,,No,,No,,,,,tilghman,J
683,No,Nonwhite,No,No,No,No,No,No,,No,,,,,No,,No,,,,,carrillo,J
684,No,Nonwhite,No,No,Yes,No,No,No,,No,,,,,No,,No,,,,,chavez,N
685,Yes,Nonwhite,No,No,Yes,No,No,No,,Yes,,,,,Yes,,Yes,,,,,escobar,V
686,No,White,No,No,No,No,Yes,No,,,,,,,Yes,,,,,,,mantey,D
687,Yes,White,No,No,No,No,No,No,,,,,,,No,,,,,,,kennedy,R
688,Yes,Nonwhite,No,No,No,No,No,No,,,,,,,,,,,,,,levario,M
689,No,Nonwhite,No,Yes,No,No,Yes,No,,,,,,,Yes,No,,,,,,khorasani,A
690,No,Nonwhite,No,No,No,No,No,No,,,,,,,No,No,,,,,,parvizian,H
691,No,Nonwhite,Yes,No,No,No,No,No,,,,,,,No,Yes,,,,,,jones,J
692,No,Nonwhite,No,No,No,No,No,No,,,,,,,No,No,,,,,,malik,S
693,Yes,White,No,No,No,No,No,No,,,,,,,No,No,,,,,,litton,T
694,No,White,No,No,No,No,No,No,,,,,,,Yes,Yes,,,,No,,crowe,D
695,No,White,No,No,No,No,No,No,,,,,,,No,No,,,,No,,mcfadden,E
696,Yes,White,Yes,No,No,No,Yes,No,,,Yes,,,,No,No,,,,Yes,,kopser,J
697,No,White,No,Yes,No,No,Yes,No,,,Yes,,,,No,Yes,,,,No,,wilson,M
698,No,Nonwhite,No,No,No,No,Yes,No,,,No,,,,No,Yes,,,,,,plummer,L
699,No,Nonwhite,Yes,No,No,No,No,No,,,,,,,No,No,,,,,,johnson,M
700,No,Nonwhite,Yes,No,No,No,No,No,,,,,,,No,No,,,,,,gibson,M
701,Yes,Nonwhite,No,No,No,No,No,No,,,Yes,,,,No,No,,,,,,kulkarni,S
702,No,Nonwhite,No,No,No,No,No,No,,,,,,,Yes,No,,,,,,brown,S
703,No,Nonwhite,No,No,No,No,No,No,,No,,,,,No,No,,,,No,,villescaz,A
704,Yes,Nonwhite,Yes,Yes,No,No,No,No,Yes,Yes,Yes,,,,No,No,,,,Yes,,jones,G
705,No,Nonwhite,No,No,No,No,No,Yes,,No,,,,,No,No,,,,No,,hulings,J
706,No,Nonwhite,No,No,No,No,No,Yes,,No,,,,,No,No,,,,No,,canales,J
707,No,Nonwhite,No,No,No,No,No,No,No,No,,,,,Yes,Yes,,,,No,,treviÌ±o,R
708,Yes,White,No,No,No,No,No,No,,,Yes,,,,,,,,,,,mcdowell,J
709,No,White,No,No,No,No,Yes,No,,,,,,,,,,,,,,biggan,J
710,No,White,No,No,No,No,No,No,,,,,,,,,,,,,,imhoff,J
711,No,White,No,No,No,No,No,No,,,,,,,,,,,,,,allen,T
712,No,Nonwhite,No,No,No,No,No,No,,,,,,,No,,,No,,,,panda,C
713,No,White,No,No,No,No,No,No,,,Yes,,,,Yes,,,Yes,,,,perri,C
714,Yes,White,No,No,No,No,No,No,,,Yes,,,,No,,,No,,,,oliver,J
715,No,White,No,No,No,No,No,No,,,,,,,No,,,No,,,,thomas,K
716,No,White,No,No,No,No,No,No,,,,,,,No,,,No,,,,hansen,W
717,Yes,White,No,No,No,No,No,No,,,,,,,Yes,Yes,,,,,,fagan,L
718,No,White,No,No,No,No,No,No,,,,,,,No,No,,,,,,fisher,W
719,Yes,Nonwhite,No,Yes,No,No,No,No,,,,,,,Yes,,,,,,,holguin,E
720,No,Nonwhite,No,No,No,No,No,No,,,,,,,No,,,,,,,barrera,R
721,No,Nonwhite,No,No,No,No,No,No,,,,,,,,,,,,,,mcdonald,R
722,No,White,No,Yes,No,No,No,No,,,,,,,,,,,,,,foster,V
723,No,Nonwhite,Yes,No,No,No,No,No,,No,,,,,No,,,,,,,reyes,A
724,No,Nonwhite,No,No,No,No,No,No,,No,,,,,No,No,,,,,,garcia,D
725,No,Nonwhite,No,No,No,No,No,No,,No,,,,,Yes,Yes,,,,,,morales,H
726,No,Nonwhite,No,No,No,No,No,No,,No,,,,,No,,,,,,,valencia,P
727,No,Nonwhite,No,No,No,No,No,No,,No,,,,,No,,,,,,,garcia,R
728,Yes,Nonwhite,No,No,Yes,No,No,No,,Yes,,,,,No,,,,,,,garcia,S
729,No,Nonwhite,No,No,No,Yes,No,No,,No,,,,,No,,,,,,,javed,T
730,No,White,No,No,No,No,No,No,,,Yes,,,,,No,,,,,,bell,A
731,Yes,White,No,Yes,No,No,No,No,,,No,,,,,Yes,,,,,,burch,L
732,No,Nonwhite,No,No,No,No,No,No,,,No,,,,,No,,,,,,yhap,M
733,No,White,No,No,No,No,No,No,,,Yes,,,,,No,,,,,,johnson,S
734,No,White,No,No,No,No,Yes,No,,,Yes,,,,Yes,,,,,,,mann,C
735,No,White,Yes,No,No,No,No,No,,,No,,,,No,,,,,,,lester,K
736,Yes,White,Yes,No,No,No,No,No,,,No,,,,No,,,,,,,hegar,M
737,No,White,No,No,No,No,Yes,No,,,No,,,,No,,,,,,,clark,M
738,No,White,No,No,No,No,No,No,No,No,No,,,,,,,,,,,shipp,B
739,Yes,Nonwhite,No,No,No,No,No,Yes,Yes,No,Yes,,,,,,,,,,,allred,C
740,No,White,No,No,No,No,No,Yes,No,No,Yes,,,,,,,,,,,meier,E
741,No,Nonwhite,No,No,No,No,No,No,No,No,No,,,,,,,,,,,rodriguez,G
742,No,White,No,No,No,No,No,Yes,No,Yes,No,,,,,,,,,,,salerno,L
743,No,White,Yes,No,No,No,Yes,No,No,No,No,,,,,,,,,,,marshall,R
744,No,White,No,No,No,No,No,No,No,No,No,,,,,,,,,,,maternowski,T
745,Yes,White,No,No,No,No,No,No,,,,,,,Yes,,,Yes,,,,steele,D
746,No,White,No,No,Yes,No,Yes,No,,,,,,,No,,,No,,,,powell,J
747,Yes,White,No,No,No,No,No,No,,,,,,,,,,,,,,krantz,C
748,No,White,No,No,No,No,No,No,,,,,,,,,,,,,,bethel,L
749,Yes,White,No,No,Yes,No,No,No,,,,,,,,,,,,,,wood,D
750,Yes,Nonwhite,No,No,No,No,No,No,,,,,,,No,,,,,,,sanchez,J
751,No,White,No,Yes,No,No,No,No,,,,,,,No,,,,,,,duncan,J
752,No,White,No,No,No,No,No,No,,,,,,,Yes,,,,,,,snider,J
753,No,White,Yes,No,No,No,No,No,,,,,,,No,,,,,,,shocklee,L
754,No,Nonwhite,No,No,No,No,No,No,,,,,,,No,,,,,,,woolridge,R
755,No,White,No,No,No,No,No,No,,No,,,,,No,No,,,No,,,triantaphyllis,A
756,No,Nonwhite,No,No,No,No,No,No,,No,,,,,No,No,,,No,,,sanchez,I
757,No,White,No,No,No,No,No,No,,No,,,,,No,No,,,No,,,cargas,J
758,No,White,No,No,No,No,Yes,No,,No,,,,,No,No,,,No,,,westin,J
759,No,Nonwhite,No,No,No,No,No,No,,No,,,,,No,No,,,No,,,butler,J
760,No,White,No,No,No,No,No,No,No,No,,,,,Yes,Yes,,,Yes,,,moser,L
761,Yes,White,No,No,No,No,No,No,,Yes,,,,,No,No,,,No,,,fletcher,L
762,Yes,White,No,No,No,No,No,No,,,,,,,,,,,,,,david,S
763,Yes,White,No,No,Yes,No,No,No,,,,,,,,,,Yes,,,,o'rourke,B
764,No,Nonwhite,No,No,No,No,Yes,No,,,,,,,,,,No,,,,kimbrough,E
765,No,Nonwhite,No,No,No,No,No,No,,,,,,,,,,No,,,,hernandez,S
766,No,White,Yes,No,No,No,No,No,,,,,,,,,,,,,,weiland,K
767,Yes,Nonwhite,No,Yes,No,No,No,No,,,,,,,,,,,,,,castillo,L
768,Yes,Nonwhite,No,No,No,No,No,No,,,,,,,,,,,,,,ghorbani,S
769,Yes,Nonwhite,No,No,No,No,No,No,,,,,,,,,,,,,,singer,J
770,Yes,White,No,No,Yes,No,No,No,Yes,,,,,,,,,,,,,mcadams,B
771,Yes,White,No,No,Yes,No,No,No,,,,,,,,,,,,,,wilson,J
772,No,Nonwhite,Yes,No,No,No,No,No,,,No,,,,Yes,,,,,,,santana,E
773,No,White,Yes,No,No,No,Yes,No,,,Yes,,,,No,,,,,,,suddarth,J
774,Yes,Nonwhite,No,No,No,No,No,No,,,Yes,,,,No,,,,,,,williams,V
775,No,White,No,No,No,Yes,No,Yes,,,Yes,,,,No,,,,,No,,friedman,A
776,No,White,Yes,No,No,No,No,No,,,Yes,,,,No,,,,,Yes,,helmer,D
777,Yes,White,No,No,Yes,No,No,No,,,Yes,,,,No,,,,,No,,wexton,J
778,No,White,No,No,No,No,Yes,No,,,Yes,,,,Yes,,,,,No,,biggins,J
779,No,White,No,No,No,No,No,Yes,,,Yes,,,,No,,,,,No,,stover,L
780,No,White,No,No,No,No,No,No,,,Yes,,,,No,,,,,No,,pelletier,P
781,Yes,White,Yes,No,No,No,Yes,No,Yes,Yes,Yes,,,,,,,,No,Yes,,luria,E
782,No,White,No,No,No,No,No,No,No,No,Yes,,,,,,,,Yes,No,,mallard,K
783,Yes,White,No,No,No,No,No,No,,Yes,,,,,,,,,,,,cockburn,L
784,No,White,No,No,Yes,No,No,No,,,No,,,,No,,,,,,,moore,C
785,Yes,White,No,No,No,No,No,No,,,Yes,,,,Yes,,,,,,,lewis,J
786,No,White,No,Yes,No,No,Yes,No,,,No,,,,No,,,,,,,volosin,P
787,No,White,No,No,No,No,Yes,No,,,No,,,,No,,,,,,,coppola,S
788,Yes,White,No,No,No,No,No,No,,Yes,Yes,,,,,,,,,No,,spanberger,A
789,No,White,Yes,No,No,No,No,No,,No,Yes,,,,,,,,,Yes,,ward,D
790,Yes,White,No,No,No,No,No,No,,,,,,,Yes,,,,,,,flaccavento,A
791,No,White,No,No,No,No,No,No,,,,,,,No,,,,,,,santopietro,J
802,Yes,White,No,No,No,No,No,No,,,,,,,,,,,,,,fershee,K
803,No,White,No,No,No,No,No,No,,,,,,,,,,,,,,baxter,R
804,No,White,Yes,No,No,No,Yes,No,,,,,,,,,,,,,,payne,T
805,No,White,Yes,No,No,No,No,No,,,,,,,,,,,,Yes,,scheinberg,A
806,Yes,White,No,No,No,No,No,Yes,,,,,,,,,,,,No,,sergent,T
807,No,White,No,No,No,No,No,No,,,,,,,,,,,No,No,,hagerman,J
808,No,White,No,No,No,No,No,No,,,,,,,,,,,No,No,,davis,P
809,Yes,Nonwhite,Yes,No,Yes,No,No,No,,,,,,,,,,,Yes,Yes,,ojeda,R
810,No,White,No,No,No,No,No,No,,,,,,,,,,,No,No,,love,S
